2037747002 assembled Ga0255346_100027241	2037747002	assembled	Ga0255346_100027241
2037747003 assembled Ga0187777_101663241	2037747003	assembled	Ga0187777_101663241
2048955004 assembled Ga0527633_001897_5146_6798	2048955004	assembled	Ga0527633_001897_5146_6798
2061766000 assembled Ga0568860_0005333_4262_5974	2061766000	assembled	Ga0568860_0005333_4262_5974
2061766007 assembled Ga0216347_1000144419	2061766007	assembled	Ga0216347_1000144419
2061766007 assembled Ga0376446_001452_3921_5720	2061766007	assembled	Ga0376446_001452_3921_5720
2065487002 assembled Ga0436477_0159936_358_1680	2065487002	assembled	Ga0436477_0159936_358_1680
2065487003 assembled Ga0315280_100164518	2065487003	assembled	Ga0315280_100164518
2065487003 assembled Ga0436477_0152105_469_1731	2065487003	assembled	Ga0436477_0152105_469_1731
2065487005 assembled Ga0395676_042268_8_1216	2065487005	assembled	Ga0395676_042268_8_1216
2065487005 assembled Ga0436477_0081756_668_2332	2065487005	assembled	Ga0436477_0081756_668_2332
2065487006 assembled Ga0395676_034665_410_2098	2065487006	assembled	Ga0395676_034665_410_2098
2065487006 assembled Ga0436477_0030010_256_1926	2065487006	assembled	Ga0436477_0030010_256_1926
2065487007 assembled Ga0395676_009736_15_1466	2065487007	assembled	Ga0395676_009736_15_1466
2065487007 assembled Ga0436477_0002160_13373_15040	2065487007	assembled	Ga0436477_0002160_13373_15040
2065487008 assembled Ga0436476_0035535_2291_3994	2065487008	assembled	Ga0436476_0035535_2291_3994
2065487009 assembled JGI24729J20445_10029122	2065487009	assembled	JGI24729J20445_10029122
2067725009 assembled JGI24731J21663_10185782	2067725009	assembled	JGI24731J21663_10185782
2077657014 assembled Ga0315292_103366501	2077657014	assembled	Ga0315292_103366501
2081372008 assembled Ga0116145_10098806	2081372008	assembled	Ga0116145_10098806
2081372008 assembled Ga0255346_100008693	2081372008	assembled	Ga0255346_100008693
2081372008 assembled Ga0558068_0004614_13335_15011	2081372008	assembled	Ga0558068_0004614_13335_15011
2084038002 assembled FeGlu_100028889	2084038002	assembled	FeGlu_100028889
2084038002 assembled Ga0334901_100049510	2084038002	assembled	Ga0334901_100049510
2084038002 assembled Ga0528620_000190_17262_18914	2084038002	assembled	Ga0528620_000190_17262_18914
2084038021 assembled Ga0315292_100318533	2084038021	assembled	Ga0315292_100318533
2124908004 assembled Ga0134312_1019531	2124908004	assembled	Ga0134312_1019531
2124908039 assembled Ga0255345_10566321	2124908039	assembled	Ga0255345_10566321
2124908039 assembled Ga0265406_10050511	2124908039	assembled	Ga0265406_10050511
2124908040 assembled Ga0315291_102606651	2124908040	assembled	Ga0315291_102606651
2140918003 assembled Ga0528472_027947_306_1529	2140918003	assembled	Ga0528472_027947_306_1529
2140918006 assembled Ga0485326_084801_280_1515	2140918006	assembled	Ga0485326_084801_280_1515
2140918009 assembled Ga0302245_10092382	2140918009	assembled	Ga0302245_10092382
2140918024 assembled JGI24710J26742_1000040232	2140918024	assembled	JGI24710J26742_1000040232
2140918025 assembled Ga0528475_000107_149210_150862	2140918025	assembled	Ga0528475_000107_149210_150862
2140918025 assembled JGI24146J20443_100182616	2140918025	assembled	JGI24146J20443_100182616
2156126002 assembled Ga0334813_055366_1_1422	2156126002	assembled	Ga0334813_055366_1_1422
2156126002 assembled Ga0334814_006302_4178_5854	2156126002	assembled	Ga0334814_006302_4178_5854
2156126002 assembled Ga0334820_000230_28870_30558	2156126002	assembled	Ga0334820_000230_28870_30558
2156126002 assembled JGI24025J20009_100064215	2156126002	assembled	JGI24025J20009_100064215
2156126002 assembled JGI24025J20009_100113802	2156126002	assembled	JGI24025J20009_100113802
2162886008 assembled Ga0395676_008162_3783_5234	2162886008	assembled	Ga0395676_008162_3783_5234
2162886008 assembled Ga0485326_035400_1456_2733	2162886008	assembled	Ga0485326_035400_1456_2733
2189573022 assembled Ga0120198_0018181_2562_4250	2189573022	assembled	Ga0120198_0018181_2562_4250
2189573022 assembled Ga0209411_1000484	2189573022	assembled	Ga0209411_1000484
2189573022 assembled Ga0395675_029566_219_1517	2189573022	assembled	Ga0395675_029566_219_1517
2199034002 assembled Ga0395675_012715_42_1721	2199034002	assembled	Ga0395675_012715_42_1721
2199034002 assembled Ga0485326_003284_5024_6709	2199034002	assembled	Ga0485326_003284_5024_6709
2199352030 assembled JGI24721J44947_100075232	2199352030	assembled	JGI24721J44947_100075232
2225789003 assembled Ga0102514_10016918	2225789003	assembled	Ga0102514_10016918
2225789003 assembled Ga0334886_10034528	2225789003	assembled	Ga0334886_10034528
2225789004 assembled Ga0334813_014151_1253_2905	2225789004	assembled	Ga0334813_014151_1253_2905
2225789004 assembled Ga0497338_012215_256_1908	2225789004	assembled	Ga0497338_012215_256_1908
2228664010 assembled Ga0172382_1000611619	2228664010	assembled	Ga0172382_1000611619
2228664010 assembled Ga0208034_100085916	2228664010	assembled	Ga0208034_100085916
2228664010 assembled Ga0496363_0000043_64115_65926	2228664010	assembled	Ga0496363_0000043_64115_65926
2228664010 assembled Ga0504914_0000072_36628_38316	2228664010	assembled	Ga0504914_0000072_36628_38316
2236876020 assembled Ga0255345_10206755	2236876020	assembled	Ga0255345_10206755
2502232811 assembled Ga0376962_011961_4974_6425	2502232811	assembled	Ga0376962_011961_4974_6425
2502870849 assembled Ga0115359_100110111	2502870849	assembled	Ga0115359_100110111
2505380168 assembled Ga0194112_100466913	2505380168	assembled	Ga0194112_100466913
2505968448 assembled Ga0310694_102662091	2505968448	assembled	Ga0310694_102662091
2505971857 assembled Ga0302338_10093805	2505971857	assembled	Ga0302338_10093805
2506476786 assembled Ga0187774_100667991	2506476786	assembled	Ga0187774_100667991
2506713165 assembled Ga0376959_21856_322_1635	2506713165	assembled	Ga0376959_21856_322_1635
2506713669 assembled Ga0436476_0002170_15837_17504	2506713669	assembled	Ga0436476_0002170_15837_17504
2507146024 assembled Ga0187774_100034897	2507146024	assembled	Ga0187774_100034897
2507147269 assembled Ga0187772_100414852	2507147269	assembled	Ga0187772_100414852
2509037835 assembled Ga0119875_1051892	2509037835	assembled	Ga0119875_1051892
2509039570 assembled Ga0209614_100001968	2509039570	assembled	Ga0209614_100001968
2509663319 assembled Ga0116171_100073438	2509663319	assembled	Ga0116171_100073438
2511672461 assembled Ga0366838_100525016	2511672461	assembled	Ga0366838_100525016
2512008957 assembled Ga0255345_101211311	2512008957	assembled	Ga0255345_101211311
2512783668 assembled Ga0315291_101807672	2512783668	assembled	Ga0315291_101807672
2515107634 assembled Ga0115359_100009032	2515107634	assembled	Ga0115359_100009032
2515300808 assembled Ga0194112_100058669	2515300808	assembled	Ga0194112_100058669
2515321874 assembled Ga0194112_1000153625	2515321874	assembled	Ga0194112_1000153625
2516847065 assembled Ga0485326_002085_13534_14937	2516847065	assembled	Ga0485326_002085_13534_14937
2516847513 assembled Ga0485239_009484_2045_3721	2516847513	assembled	Ga0485239_009484_2045_3721
2517091477 assembled Ga0194111_1000358218	2517091477	assembled	Ga0194111_1000358218
2517129521 assembled Ga0366837_11187362	2517129521	assembled	Ga0366837_11187362
2518744325 assembled Ga0194111_1000278717	2518744325	assembled	Ga0194111_1000278717
2518787893 assembled Ga0302245_100033530	2518787893	assembled	Ga0302245_100033530
2518907621 assembled Ga0334886_10019265	2518907621	assembled	Ga0334886_10019265
2519472088 assembled Ga0115359_100002025	2519472088	assembled	Ga0115359_100002025
2519841469 assembled Ga0376958_10037_684_2168	2519841469	assembled	Ga0376958_10037_684_2168
2519842728 assembled Ga0366837_10039624	2519842728	assembled	Ga0366837_10039624
2520801411 assembled Ga0485169_0105857_363_2048	2520801411	assembled	Ga0485169_0105857_363_2048
2520803234 assembled Ga0485107_481960_32_1408	2520803234	assembled	Ga0485107_481960_32_1408
2522974584 assembled Ga0119875_1017982	2522974584	assembled	Ga0119875_1017982
2524161040 assembled Ga0485107_139596_613_2364	2524161040	assembled	Ga0485107_139596_613_2364
2525334810 assembled Ga0187771_102012051	2525334810	assembled	Ga0187771_102012051
2525335778 assembled Ga0187771_100633482	2525335778	assembled	Ga0187771_100633482
2540563143 assembled Ga0119875_1004448	2540563143	assembled	Ga0119875_1004448
2540643737 assembled Ga0187771_1000055111	2540643737	assembled	Ga0187771_1000055111
2540643958 assembled Ga0187770_100686592	2540643958	assembled	Ga0187770_100686592
2540666849 assembled Ga0334886_100146923	2540666849	assembled	Ga0334886_100146923
2540854716 assembled Ga0436474_0285526_1_1413	2540854716	assembled	Ga0436474_0285526_1_1413
2541176997 assembled Ga0187770_100237094	2541176997	assembled	Ga0187770_100237094
2541177217 assembled Ga0187770_100130842	2541177217	assembled	Ga0187770_100130842
2541183283 assembled Ga0568894_0195734_850_2322	2541183283	assembled	Ga0568894_0195734_850_2322
2545565059 assembled Ga0194110_1000104218	2545565059	assembled	Ga0194110_1000104218
2545716240 assembled Ga0495415_0026930_111_1544	2545716240	assembled	Ga0495415_0026930_111_1544
2545716450 assembled Ga0187769_101949131	2545716450	assembled	Ga0187769_101949131
2547220682 assembled Ga0436474_0178977_193_1896	2547220682	assembled	Ga0436474_0178977_193_1896
2547222750 assembled Ga0436474_0093465_1594_2904	2547222750	assembled	Ga0436474_0093465_1594_2904
2547224520 assembled Ga0436474_0002805_15221_16888	2547224520	assembled	Ga0436474_0002805_15221_16888
2547226403 assembled Ga0436473_0331706_3_1253	2547226403	assembled	Ga0436473_0331706_3_1253
2547228278 assembled Ga0436473_0173756_468_1937	2547228278	assembled	Ga0436473_0173756_468_1937
2547228307 assembled Ga0436473_0000856_27272_28939	2547228307	assembled	Ga0436473_0000856_27272_28939
2547230581 assembled Ga0436472_0148707_1_1545	2547230581	assembled	Ga0436472_0148707_1_1545
2547232394 assembled Ga0436472_0027125_2315_3964	2547232394	assembled	Ga0436472_0027125_2315_3964
2547234354 assembled Ga0436472_0015612_4020_5261	2547234354	assembled	Ga0436472_0015612_4020_5261
2547236440 assembled Ga0436471_0174827_86_1606	2547236440	assembled	Ga0436471_0174827_86_1606
2547238282 assembled Ga0436471_0025574_1358_3052	2547238282	assembled	Ga0436471_0025574_1358_3052
2547240346 assembled Ga0436470_0216877_3_1568	2547240346	assembled	Ga0436470_0216877_3_1568
2547242210 assembled Ga0436470_0014163_2607_4295	2547242210	assembled	Ga0436470_0014163_2607_4295
2547244110 assembled Ga0436470_0011054_2291_3982	2547244110	assembled	Ga0436470_0011054_2291_3982
2547246058 assembled Ga0436470_0009559_5662_7341	2547246058	assembled	Ga0436470_0009559_5662_7341
2547248051 assembled Ga0436470_0000523_26532_28202	2547248051	assembled	Ga0436470_0000523_26532_28202
2547250046 assembled Ga0436468_0195894_133_1425	2547250046	assembled	Ga0436468_0195894_133_1425
2547251873 assembled Ga0436467_0013339_5367_7070	2547251873	assembled	Ga0436467_0013339_5367_7070
2547253828 assembled Ga0436466_0105764_2003_3472	2547253828	assembled	Ga0436466_0105764_2003_3472
2547255661 assembled Ga0436466_0002210_15515_17218	2547255661	assembled	Ga0436466_0002210_15515_17218
2547257503 assembled Ga0436465_0506055_8_1474	2547257503	assembled	Ga0436465_0506055_8_1474
2553937573 assembled Ga0436465_0326713_441_1913	2553937573	assembled	Ga0436465_0326713_441_1913
2555938320 assembled Ga0436465_0087798_33_1577	2555938320	assembled	Ga0436465_0087798_33_1577
2556226606 assembled Ga0366836_10127664	2556226606	assembled	Ga0366836_10127664
2557020099 assembled Ga0119875_10002534	2557020099	assembled	Ga0119875_10002534
2558933934 assembled Ga0485107_022359_7329_9029	2558933934	assembled	Ga0485107_022359_7329_9029
2563557513 assembled Ga0366836_10031034	2563557513	assembled	Ga0366836_10031034
2565995260 assembled Ga0194110_1000059248	2565995260	assembled	Ga0194110_1000059248
2566125579 assembled Ga0074198_100075210	2566125579	assembled	Ga0074198_100075210
2566176306 assembled Ga0376954_00940_466_2169	2566176306	assembled	Ga0376954_00940_466_2169
2568495745 assembled Ga0074198_100062314	2568495745	assembled	Ga0074198_100062314
2574178758 assembled Ga0187769_101482801	2574178758	assembled	Ga0187769_101482801
2574441742 assembled Ga0436465_0063024_854_2563	2574441742	assembled	Ga0436465_0063024_854_2563
2574443412 assembled Ga0485107_001794_32663_34324	2574443412	assembled	Ga0485107_001794_32663_34324
2578262050 assembled Ga0119857_100011421	2578262050	assembled	Ga0119857_100011421
2579682448 assembled Ga0187769_100039784	2579682448	assembled	Ga0187769_100039784
2579682478 assembled Ga0187766_100287311	2579682478	assembled	Ga0187766_100287311
2583185460 assembled Ga0436464_0396064_1_1293	2583185460	assembled	Ga0436464_0396064_1_1293
2583187982 assembled Ga0485106_0005_1401_3080	2583187982	assembled	Ga0485106_0005_1401_3080
2585047995 assembled Ga0484980_0168591_3_1232	2585047995	assembled	Ga0484980_0168591_3_1232
2585185374 assembled Ga0334886_100145920	2585185374	assembled	Ga0334886_100145920
2585428958 assembled Ga0376953_01907_153_1856	2585428958	assembled	Ga0376953_01907_153_1856
2585428959 assembled Ga0366836_100140829	2585428959	assembled	Ga0366836_100140829
2585580722 assembled Ga0194061_10499141	2585580722	assembled	Ga0194061_10499141
2585583744 assembled Ga0134312_1010544	2585583744	assembled	Ga0134312_1010544
2585585594 assembled Ga0255345_100360114	2585585594	assembled	Ga0255345_100360114
2585775096 assembled Ga0194054_100267863	2585775096	assembled	Ga0194054_100267863
2588343703 assembled Ga0334886_100098835	2588343703	assembled	Ga0334886_100098835
2588345635 assembled Ga0116171_100032707	2588345635	assembled	Ga0116171_100032707
2595008438 assembled Ga0376952_049983_3_1361	2595008438	assembled	Ga0376952_049983_3_1361
2595008996 assembled Ga0366836_100072916	2595008996	assembled	Ga0366836_100072916
2595158117 assembled Ga0484980_0156996_1_1245	2595158117	assembled	Ga0484980_0156996_1_1245
2595158363 assembled Ga0302244_10208692	2595158363	assembled	Ga0302244_10208692
2595203960 assembled Ga0436464_0024010_1488_3191	2595203960	assembled	Ga0436464_0024010_1488_3191
2595205126 assembled Ga0436463_0261946_77_1780	2595205126	assembled	Ga0436463_0261946_77_1780
2596272630 assembled Ga0376952_021186_1_1500	2596272630	assembled	Ga0376952_021186_1_1500
2596415081 assembled Ga0116171_1000247011	2596415081	assembled	Ga0116171_1000247011
2596655349 assembled Ga0376951_01029_3352_5055	2596655349	assembled	Ga0376951_01029_3352_5055
2599759073 assembled Ga0119855_03461_66_1718	2599759073	assembled	Ga0119855_03461_66_1718
2600304231 assembled Ga0255345_100133228	2600304231	assembled	Ga0255345_100133228
2603669841 assembled Ga0436463_0087486_453_2162	2603669841	assembled	Ga0436463_0087486_453_2162
2603673857 assembled Ga0187765_100877931	2603673857	assembled	Ga0187765_100877931
2606025124 assembled Ga0115358_101850071	2606025124	assembled	Ga0115358_101850071
2606038831 assembled Ga0116170_100788791	2606038831	assembled	Ga0116170_100788791
2608651552 assembled Ga0187765_100592971	2608651552	assembled	Ga0187765_100592971
2608651795 assembled Ga0187765_100001361	2608651795	assembled	Ga0187765_100001361
2609087587 assembled Ga0334886_100071818	2609087587	assembled	Ga0334886_100071818
2609292883 assembled Ga0185307_10238841	2609292883	assembled	Ga0185307_10238841
2617404690 assembled Ga0376531_012325_2748_4409	2617404690	assembled	Ga0376531_012325_2748_4409
2617405898 assembled Ga0376531_008931_3803_5524	2617405898	assembled	Ga0376531_008931_3803_5524
2617408174 assembled Ga0334886_10003844	2617408174	assembled	Ga0334886_10003844
2617409716 assembled Ga0436463_0000414_3188_4891	2617409716	assembled	Ga0436463_0000414_3188_4891
2617411573 assembled Ga0436461_0098040_70_1368	2617411573	assembled	Ga0436461_0098040_70_1368
2618674640 assembled Ga0194054_100060065	2618674640	assembled	Ga0194054_100060065
2618697766 assembled Ga0484980_0021467_2_1387	2618697766	assembled	Ga0484980_0021467_2_1387
2619727279 assembled Ga0255345_100116527	2619727279	assembled	Ga0255345_100116527
2619730631 assembled Ga0194054_100003998	2619730631	assembled	Ga0194054_100003998
2619731915 assembled Ga0185143_1149471	2619731915	assembled	Ga0185143_1149471
2620312814 assembled Ga0436461_0066160_283_1647	2620312814	assembled	Ga0436461_0066160_283_1647
2620314269 assembled Ga0436461_0026597_173_1840	2620314269	assembled	Ga0436461_0026597_173_1840
2620316564 assembled Ga0436461_0023316_176_1867	2620316564	assembled	Ga0436461_0023316_176_1867
2620343950 assembled Ga0082037_10046703	2620343950	assembled	Ga0082037_10046703
2620347068 assembled Ga0082037_10040224	2620347068	assembled	Ga0082037_10040224
2620724515 assembled Ga0527662_002379_3493_5208	2620724515	assembled	Ga0527662_002379_3493_5208
2620726412 assembled Ga0436460_0039151_530_1768	2620726412	assembled	Ga0436460_0039151_530_1768
2622827009 assembled Ga0484974_0244234_2_1222	2622827009	assembled	Ga0484974_0244234_2_1222
2622828393 assembled Ga0315291_101609871	2622828393	assembled	Ga0315291_101609871
2622828790 assembled Ga0436460_0000191_1933_3636	2622828790	assembled	Ga0436460_0000191_1933_3636
2622829977 assembled Ga0436459_0079112_468_1802	2622829977	assembled	Ga0436459_0079112_468_1802
2622831177 assembled Ga0436459_0054066_229_1935	2622831177	assembled	Ga0436459_0054066_229_1935
2622833132 assembled Ga0436459_0033350_40_1728	2622833132	assembled	Ga0436459_0033350_40_1728
2622834755 assembled Ga0436459_0013520_3_1379	2622834755	assembled	Ga0436459_0013520_3_1379
2623379563 assembled Ga0255345_100035042	2623379563	assembled	Ga0255345_100035042
2623483446 assembled Ga0366835_10387064	2623483446	assembled	Ga0366835_10387064
2624263781 assembled Ga0255344_10819331	2624263781	assembled	Ga0255344_10819331
2624266121 assembled Ga0194053_100805341	2624266121	assembled	Ga0194053_100805341
2624267252 assembled Ga0183122_1104482	2624267252	assembled	Ga0183122_1104482
2624813532 assembled Ga0183122_1022094	2624813532	assembled	Ga0183122_1022094
2626623751 assembled Ga0072683_1056549	2626623751	assembled	Ga0072683_1056549
2626669793 assembled Ga0436459_0013273_2286_3884	2626669793	assembled	Ga0436459_0013273_2286_3884
2626681202 assembled Ga0376531_000402_11653_13374	2626681202	assembled	Ga0376531_000402_11653_13374
2626724994 assembled Ga0376531_000012_233561_235279	2626724994	assembled	Ga0376531_000012_233561_235279
2627932460 assembled Ga0484974_0222076_2_1276	2627932460	assembled	Ga0484974_0222076_2_1276
2627935912 assembled Ga0119855_00286_21740_23392	2627935912	assembled	Ga0119855_00286_21740_23392
2627951869 assembled Ga0119855_00177_2671_4326	2627951869	assembled	Ga0119855_00177_2671_4326
2628285256 assembled Ga0116170_100754341	2628285256	assembled	Ga0116170_100754341
2628409511 assembled Ga0119855_00144_13843_15555	2628409511	assembled	Ga0119855_00144_13843_15555
2628827822 assembled Ga0119855_00125_10768_12420	2628827822	assembled	Ga0119855_00125_10768_12420
2629255934 assembled Ga0119852_05064_1_1653	2629255934	assembled	Ga0119852_05064_1_1653
2629267309 assembled Ga0119852_01147_6068_7720	2629267309	assembled	Ga0119852_01147_6068_7720
2629622941 assembled Ga0436458_0043212_19_1587	2629622941	assembled	Ga0436458_0043212_19_1587
2629896117 assembled Ga0366835_10155108	2629896117	assembled	Ga0366835_10155108
2629896152 assembled Ga0484974_0195962_117_1352	2629896152	assembled	Ga0484974_0195962_117_1352
2630383136 assembled Ga0116170_100666081	2630383136	assembled	Ga0116170_100666081
2630860240 assembled Ga0119852_00909_6176_7831	2630860240	assembled	Ga0119852_00909_6176_7831
2631417418 assembled Ga0484974_0122834_3_1403	2631417418	assembled	Ga0484974_0122834_3_1403
2631418668 assembled Ga0484974_0073534_368_2074	2631418668	assembled	Ga0484974_0073534_368_2074
2632753436 assembled Ga0119852_00793_10831_12510	2632753436	assembled	Ga0119852_00793_10831_12510
2632831098 assembled Ga0119852_00537_8231_9943	2632831098	assembled	Ga0119852_00537_8231_9943
2633008768 assembled Ga0119852_00233_3969_5621	2633008768	assembled	Ga0119852_00233_3969_5621
2633310910 assembled Ga0116170_100473043	2633310910	assembled	Ga0116170_100473043
2633683538 assembled Ga0119763_105428265	2633683538	assembled	Ga0119763_105428265
2633986085 assembled Ga0115358_100115172	2633986085	assembled	Ga0115358_100115172
2635085826 assembled Ga0495688_00235_5083_6618	2635085826	assembled	Ga0495688_00235_5083_6618
2635680402 assembled Ga0118738_1000129	2635680402	assembled	Ga0118738_1000129
2637278675 assembled Ga0116170_100293875	2637278675	assembled	Ga0116170_100293875
2637993207 assembled Ga0484974_0049376_77_1741	2637993207	assembled	Ga0484974_0049376_77_1741
2637993348 assembled Ga0484974_0007304_272_1960	2637993348	assembled	Ga0484974_0007304_272_1960
2637997272 assembled Ga0334886_100017078	2637997272	assembled	Ga0334886_100017078
2638497907 assembled Ga0118738_10001217	2638497907	assembled	Ga0118738_10001217
2640349532 assembled Ga0484974_0001723_3985_5652	2640349532	assembled	Ga0484974_0001723_3985_5652
2640349568 assembled Ga0366835_10139184	2640349568	assembled	Ga0366835_10139184
2641565974 assembled Ga0118737_10013492	2641565974	assembled	Ga0118737_10013492
2641585854 assembled Ga0115358_100028062	2641585854	assembled	Ga0115358_100028062
2642594126 assembled Ga0115358_100002173	2642594126	assembled	Ga0115358_100002173
2642603378 assembled Ga0115358_100001405	2642603378	assembled	Ga0115358_100001405
2642678063 assembled Ga0115028_100804381	2642678063	assembled	Ga0115028_100804381
2642842824 assembled Ga0082037_10028414	2642842824	assembled	Ga0082037_10028414
2643318442 assembled Ga0376529_000916_8613_10334	2643318442	assembled	Ga0376529_000916_8613_10334
2643439927 assembled Ga0183122_10076725	2643439927	assembled	Ga0183122_10076725
2643649646 assembled Ga0116170_100235804	2643649646	assembled	Ga0116170_100235804
2645886682 assembled Ga0118737_10009953	2645886682	assembled	Ga0118737_10009953
2647505364 assembled Ga0484973_0018875_191_1543	2647505364	assembled	Ga0484973_0018875_191_1543
2647505555 assembled Ga0484966_0006803_2837_4537	2647505555	assembled	Ga0484966_0006803_2837_4537
2648353763 assembled Ga0082037_10024555	2648353763	assembled	Ga0082037_10024555
2648889517 assembled Ga0116170_100071416	2648889517	assembled	Ga0116170_100071416
2649849850 assembled Ga0118736_100099221	2649849850	assembled	Ga0118736_100099221
2651204867 assembled Ga0118735_100062113	2651204867	assembled	Ga0118735_100062113
2652128968 assembled Ga0376527_000490_11659_13380	2652128968	assembled	Ga0376527_000490_11659_13380
2653038558 assembled Ga0116170_100020168	2653038558	assembled	Ga0116170_100020168
2653165325 assembled Ga0118735_100060872	2653165325	assembled	Ga0118735_100060872
2653178725 assembled Ga0118674_10054334	2653178725	assembled	Ga0118674_10054334
2654474365 assembled Ga0334886_1000065152	2654474365	assembled	Ga0334886_1000065152
2654474400 assembled Ga0484856_0027103_2952_4211	2654474400	assembled	Ga0484856_0027103_2952_4211
2655683669 assembled Ga0436458_0006911_1_1410	2655683669	assembled	Ga0436458_0006911_1_1410
2655684357 assembled Ga0436458_0004055_1634_3322	2655684357	assembled	Ga0436458_0004055_1634_3322
2657040124 assembled Ga0315291_101559371	2657040124	assembled	Ga0315291_101559371
2657041193 assembled Ga0436354_071409_4886_6544	2657041193	assembled	Ga0436354_071409_4886_6544
2657618189 assembled Ga0118674_10043925	2657618189	assembled	Ga0118674_10043925
2657909621 assembled Ga0118674_10029841	2657909621	assembled	Ga0118674_10029841
2658339433 assembled Ga0183101_10049877	2658339433	assembled	Ga0183101_10049877
2658340567 assembled Ga0527654_000183_11169_12821	2658340567	assembled	Ga0527654_000183_11169_12821
2658350485 assembled Ga0115028_100197042	2658350485	assembled	Ga0115028_100197042
2658380899 assembled Ga0082037_10014188	2658380899	assembled	Ga0082037_10014188
2658929274 assembled Ga0118674_10017973	2658929274	assembled	Ga0118674_10017973
2659090286 assembled Ga0118674_10014179	2659090286	assembled	Ga0118674_10014179
2659153608 assembled Ga0118674_10006668	2659153608	assembled	Ga0118674_10006668
2659644190 assembled Ga0118674_100027513	2659644190	assembled	Ga0118674_100027513
2660730336 assembled Ga0118673_10451111	2660730336	assembled	Ga0118673_10451111
2660839151 assembled Ga0118673_10025956	2660839151	assembled	Ga0118673_10025956
2661607799 assembled Ga0118673_100127916	2661607799	assembled	Ga0118673_100127916
2661858940 assembled Ga0366835_100911310	2661858940	assembled	Ga0366835_100911310
2662369586 assembled Ga0118673_10010106	2662369586	assembled	Ga0118673_10010106
2662528551 assembled Ga0118673_100028537	2662528551	assembled	Ga0118673_100028537
2663207160 assembled Ga0118672_10075881	2663207160	assembled	Ga0118672_10075881
2663790406 assembled Ga0118672_10036837	2663790406	assembled	Ga0118672_10036837
2663956643 assembled Ga0118672_10030346	2663956643	assembled	Ga0118672_10030346
2664791549 assembled Ga0118672_100102316	2664791549	assembled	Ga0118672_100102316
2664895755 assembled Ga0118672_10002136	2664895755	assembled	Ga0118672_10002136
2664954646 assembled Ga0118672_100015541	2664954646	assembled	Ga0118672_100015541
2666969961 assembled Ga0118671_10060581	2666969961	assembled	Ga0118671_10060581
2667218269 assembled Ga0118671_10041912	2667218269	assembled	Ga0118671_10041912
2667341392 assembled Ga0118671_10030906	2667341392	assembled	Ga0118671_10030906
2667595134 assembled Ga0183101_1000285115	2667595134	assembled	Ga0183101_1000285115
2667596353 assembled Ga0183101_100021919	2667596353	assembled	Ga0183101_100021919
2667599929 assembled Ga0183100_10193611	2667599929	assembled	Ga0183100_10193611
2667601122 assembled Ga0183100_10075491	2667601122	assembled	Ga0183100_10075491
2667616497 assembled Ga0494804_0028138_341_1972	2667616497	assembled	Ga0494804_0028138_341_1972
2667992784 assembled Ga0494804_0013384_1480_2745	2667992784	assembled	Ga0494804_0013384_1480_2745
2667994769 assembled Ga0334885_10535411	2667994769	assembled	Ga0334885_10535411
2667997408 assembled Ga0435845_002470_2737_4389	2667997408	assembled	Ga0435845_002470_2737_4389
2668813767 assembled Ga0118671_100145811	2668813767	assembled	Ga0118671_100145811
2669065552 assembled Ga0118671_10003116	2669065552	assembled	Ga0118671_10003116
2669350298 assembled Ga0118671_100021237	2669350298	assembled	Ga0118671_100021237
2670083230 assembled Ga0117941_10345941	2670083230	assembled	Ga0117941_10345941
2670096221 assembled Ga0117941_10275781	2670096221	assembled	Ga0117941_10275781
2670178459 assembled Ga0117941_10099653	2670178459	assembled	Ga0117941_10099653
2670309766 assembled Ga0117941_10085461	2670309766	assembled	Ga0117941_10085461
2670416615 assembled Ga0117941_10020866	2670416615	assembled	Ga0117941_10020866
2670446790 assembled Ga0117941_10013286	2670446790	assembled	Ga0117941_10013286
2670595231 assembled Ga0117939_1033392	2670595231	assembled	Ga0117939_1033392
2670810254 assembled Ga0117939_1021811	2670810254	assembled	Ga0117939_1021811
2670891395 assembled Ga0117939_1019804	2670891395	assembled	Ga0117939_1019804
2671709752 assembled Ga0498940_0000046_45777_47486	2671709752	assembled	Ga0498940_0000046_45777_47486
2671711450 assembled Ga0376526_043310_1_1344	2671711450	assembled	Ga0376526_043310_1_1344
2671713306 assembled Ga0376526_021222_15_1241	2671713306	assembled	Ga0376526_021222_15_1241
2671948653 assembled Ga0117939_1010557	2671948653	assembled	Ga0117939_1010557
2672400430 assembled Ga0117939_1010542	2672400430	assembled	Ga0117939_1010542
2674131331 assembled Ga0117939_100009619	2674131331	assembled	Ga0117939_100009619
2675960322 assembled Ga0528638_006957_3347_4999	2675960322	assembled	Ga0528638_006957_3347_4999
2675978833 assembled EMG_100763784	2675978833	assembled	EMG_100763784
2675981406 assembled Ga0074305_1257140	2675981406	assembled	Ga0074305_1257140
2676997124 assembled Ga0116170_1000108117	2676997124	assembled	Ga0116170_1000108117
2682306151 assembled Ga0484856_0005392_4769_6475	2682306151	assembled	Ga0484856_0005392_4769_6475
2682306428 assembled Ga0302244_10189622	2682306428	assembled	Ga0302244_10189622
2682494561 assembled Ga0526684_0058753_497_2062	2682494561	assembled	Ga0526684_0058753_497_2062
2682498785 assembled Ga0115026_100498641	2682498785	assembled	Ga0115026_100498641
2682575398 assembled B3_v_00488810	2682575398	assembled	B3_v_00488810
2682581165 assembled Ga0435844_067879_3_1268	2682581165	assembled	Ga0435844_067879_3_1268
2682786189 assembled Ga0117909_11261072	2682786189	assembled	Ga0117909_11261072
2682925064 assembled Ga0117811_100004831	2682925064	assembled	Ga0117811_100004831
2682926061 assembled Ga0117777_10157001	2682926061	assembled	Ga0117777_10157001
2682929813 assembled Ga0117777_10074463	2682929813	assembled	Ga0117777_10074463
2682935774 assembled Ga0117777_10014413	2682935774	assembled	Ga0117777_10014413
2682937590 assembled Ga0117777_10007276	2682937590	assembled	Ga0117777_10007276
2682940085 assembled Ga0117777_10003505	2682940085	assembled	Ga0117777_10003505
2682944144 assembled Ga0116843_10009911	2682944144	assembled	Ga0116843_10009911
2682948374 assembled Ga0116843_10008661	2682948374	assembled	Ga0116843_10008661
2682950966 assembled Ga0116842_10028771	2682950966	assembled	Ga0116842_10028771
2682957644 assembled Ga0116840_10030731	2682957644	assembled	Ga0116840_10030731
2682959309 assembled Ga0116840_10004781	2682959309	assembled	Ga0116840_10004781
2682963489 assembled Ga0116839_10009971	2682963489	assembled	Ga0116839_10009971
2682967333 assembled Ga0116839_10007801	2682967333	assembled	Ga0116839_10007801
2682969854 assembled Ga0116838_10019802	2682969854	assembled	Ga0116838_10019802
2682973891 assembled Ga0116649_10032483	2682973891	assembled	Ga0116649_10032483
2682978341 assembled Ga0116643_100029123	2682978341	assembled	Ga0116643_100029123
2682981530 assembled Ga0116619_10021124	2682981530	assembled	Ga0116619_10021124
2682983198 assembled Ga0116618_1065291	2682983198	assembled	Ga0116618_1065291
2682986406 assembled Ga0116217_100973962	2682986406	assembled	Ga0116217_100973962
2683954789 assembled Ga0116169_100093619	2683954789	assembled	Ga0116169_100093619
2684091555 assembled Ga0183100_10054232	2684091555	assembled	Ga0183100_10054232
2684091809 assembled Ga0183099_10035702	2684091809	assembled	Ga0183099_10035702
2684640979 assembled Ga0366835_10069414	2684640979	assembled	Ga0366835_10069414
2685049811 assembled Ga0183098_1043824	2685049811	assembled	Ga0183098_1043824
2685050069 assembled Ga0183098_10350116	2685050069	assembled	Ga0183098_10350116
2685051552 assembled Ga0183098_100032019	2685051552	assembled	Ga0183098_100032019
2685052138 assembled Ga0183097_1031887	2685052138	assembled	Ga0183097_1031887
2685268512 assembled Ga0484848_003136_1353_3071	2685268512	assembled	Ga0484848_003136_1353_3071
2685268710 assembled Ga0484787_002317_856_2574	2685268710	assembled	Ga0484787_002317_856_2574
2685518384 assembled Ga0435843_000122_1573_3249	2685518384	assembled	Ga0435843_000122_1573_3249
2685520019 assembled Ga0435841_000001_3518_5194	2685520019	assembled	Ga0435841_000001_3518_5194
2685520909 assembled Ga0435839_000021_3491_5143	2685520909	assembled	Ga0435839_000021_3491_5143
2685521579 assembled Ga0435838_011481_77_1729	2685521579	assembled	Ga0435838_011481_77_1729
2685523382 assembled Ga0435837_003341_404_2056	2685523382	assembled	Ga0435837_003341_404_2056
2686533349 assembled Ga0116169_100029937	2686533349	assembled	Ga0116169_100029937
2688749742 assembled Ga0183097_10013641	2688749742	assembled	Ga0183097_10013641
2688750855 assembled Ga0183097_100031274	2688750855	assembled	Ga0183097_100031274
2689974436 assembled Ga0115026_100234073	2689974436	assembled	Ga0115026_100234073
2690699378 assembled Ga0116215_10479561	2690699378	assembled	Ga0116215_10479561
2698435729 assembled Draft_00165191	2698435729	assembled	Draft_00165191
2698439613 assembled codie8draft_101812910	2698439613	assembled	codie8draft_101812910
2700164296 assembled Ga0115026_100196571	2700164296	assembled	Ga0115026_100196571
2701267759 assembled Ga0082037_100028522	2701267759	assembled	Ga0082037_100028522
2701347163 assembled Ga0310694_102086761	2701347163	assembled	Ga0310694_102086761
2701349801 assembled Ga0310694_101700511	2701349801	assembled	Ga0310694_101700511
2701352036 assembled Ga0310694_101685132	2701352036	assembled	Ga0310694_101685132
2701353610 assembled Ga0310694_100882923	2701353610	assembled	Ga0310694_100882923
2705563462 assembled Ga0082037_100006229	2705563462	assembled	Ga0082037_100006229
2705808555 assembled Ga0116204_10051555	2705808555	assembled	Ga0116204_10051555
2706066961 assembled Ga0498940_0000023_460602_462266	2706066961	assembled	Ga0498940_0000023_460602_462266
2706068582 assembled Ga0376526_011784_15_1241	2706068582	assembled	Ga0376526_011784_15_1241
2706070473 assembled Ga0376526_007099_5100_6326	2706070473	assembled	Ga0376526_007099_5100_6326
2706248801 assembled Ga0082037_100003775	2706248801	assembled	Ga0082037_100003775
2708420154 assembled Ga0082037_1000010106	2708420154	assembled	Ga0082037_1000010106
2713493070 assembled Ga0116202_100624452	2713493070	assembled	Ga0116202_100624452
2713496754 assembled Ga0116202_100148823	2713496754	assembled	Ga0116202_100148823
2713500170 assembled Ga0116202_100076561	2713500170	assembled	Ga0116202_100076561
2713504870 assembled Ga0116202_1000048618	2713504870	assembled	Ga0116202_1000048618
2717857169 assembled Ga0208041_10113752	2717857169	assembled	Ga0208041_10113752
2718082621 assembled Ga0315291_100989422	2718082621	assembled	Ga0315291_100989422
2718294736 assembled Ga0366835_10060985	2718294736	assembled	Ga0366835_10060985
2718295050 assembled Ga0484787_000113_14146_15867	2718295050	assembled	Ga0484787_000113_14146_15867
2718296162 assembled Ga0484785_00505_6112_7773	2718296162	assembled	Ga0484785_00505_6112_7773
2718297094 assembled Ga0366835_100578115	2718297094	assembled	Ga0366835_100578115
2722555921 assembled Ga0302323_1001438952	2722555921	assembled	Ga0302323_1001438952
2727897520 assembled Ga0255344_10807301	2727897520	assembled	Ga0255344_10807301
2729591656 assembled Ga0116201_1016221	2729591656	assembled	Ga0116201_1016221
2729594836 assembled Ga0116201_1005311	2729594836	assembled	Ga0116201_1005311
2729598290 assembled Ga0116201_1003523	2729598290	assembled	Ga0116201_1003523
2729601689 assembled Ga0116201_1001804	2729601689	assembled	Ga0116201_1001804
2729605248 assembled Ga0116200_101468631	2729605248	assembled	Ga0116200_101468631
2729608530 assembled Ga0116200_101346301	2729608530	assembled	Ga0116200_101346301
2729636956 assembled Ga0116200_100712271	2729636956	assembled	Ga0116200_100712271
2729986149 assembled Ga0366835_100181717	2729986149	assembled	Ga0366835_100181717
2730023461 assembled Ga0334885_10264773	2730023461	assembled	Ga0334885_10264773
2730023674 assembled BDMCk91_10732110	2730023674	assembled	BDMCk91_10732110
2730505363 assembled Ga0376526_005928_60_1286	2730505363	assembled	Ga0376526_005928_60_1286
2730507166 assembled Ga0435835_000001_223806_225458	2730507166	assembled	Ga0435835_000001_223806_225458
2730764061 assembled Ga0435833_002851_3440_5047	2730764061	assembled	Ga0435833_002851_3440_5047
2730767688 assembled Ga0334885_10087196	2730767688	assembled	Ga0334885_10087196
2730767723 assembled Ga0484784_007627_747_2474	2730767723	assembled	Ga0484784_007627_747_2474
2730773242 assembled Ga0183096_10389671	2730773242	assembled	Ga0183096_10389671
2730773658 assembled Ga0527687_001531_6862_8514	2730773658	assembled	Ga0527687_001531_6862_8514
2730776247 assembled Ga0194053_100226883	2730776247	assembled	Ga0194053_100226883
2730780803 assembled Ga0527675_010349_586_2268	2730780803	assembled	Ga0527675_010349_586_2268
2730786552 assembled Ga0504910_0027884_513_2201	2730786552	assembled	Ga0504910_0027884_513_2201
2735488348 assembled Ga0114983_10024116	2735488348	assembled	Ga0114983_10024116
2743927234 assembled Ga0114951_101291211	2743927234	assembled	Ga0114951_101291211
2752678248 assembled Ga0395673_051480_285_1730	2752678248	assembled	Ga0395673_051480_285_1730
2752678248 assembled Ga0395675_001168_2387_4063	2752678248	assembled	Ga0395675_001168_2387_4063
2755296603 assembled Ga0484784_000749_9613_11334	2755296603	assembled	Ga0484784_000749_9613_11334
2755339685 assembled Ga0082037_1000003189	2755339685	assembled	Ga0082037_1000003189
2755588695 assembled Ga0376526_000017_171134_172852	2755588695	assembled	Ga0376526_000017_171134_172852
2755715087 assembled Ga0484710_000253_9413_11134	2755715087	assembled	Ga0484710_000253_9413_11134
2755715555 assembled Ga0484707_01510_1_1485	2755715555	assembled	Ga0484707_01510_1_1485
2755717176 assembled Ga0334885_10081675	2755717176	assembled	Ga0334885_10081675
2756374868 assembled Ga0183096_10014642	2756374868	assembled	Ga0183096_10014642
2756375863 assembled Ga0183096_1000023163	2756375863	assembled	Ga0183096_1000023163
2756378093 assembled Ga0116168_10398321	2756378093	assembled	Ga0116168_10398321
2756379526 assembled Ga0484706_000254_13182_14903	2756379526	assembled	Ga0484706_000254_13182_14903
2756379562 assembled Ga0366835_100104221	2756379562	assembled	Ga0366835_100104221
2757234580 assembled Ga0114951_100024027	2757234580	assembled	Ga0114951_100024027
2757458224 assembled Ga0484705_002238_36_1385	2757458224	assembled	Ga0484705_002238_36_1385
2757458258 assembled Ga0366835_100072619	2757458258	assembled	Ga0366835_100072619
2758462955 assembled Ga0366835_100027847	2758462955	assembled	Ga0366835_100027847
2758473090 assembled Ga0366835_100022468	2758473090	assembled	Ga0366835_100022468
2759648294 assembled Ga0114951_1000109327	2759648294	assembled	Ga0114951_1000109327
2760217654 assembled Ga0114951_1000097919	2760217654	assembled	Ga0114951_1000097919
2760544416 assembled Ga0183096_1000018312	2760544416	assembled	Ga0183096_1000018312
2760545117 assembled Ga0183096_1000003642	2760545117	assembled	Ga0183096_1000003642
2760549602 assembled Ga0302322_1004090882	2760549602	assembled	Ga0302322_1004090882
2767369983 assembled Ga0114922_102248531	2767369983	assembled	Ga0114922_102248531
2767371995 assembled Ga0315291_100890983	2767371995	assembled	Ga0315291_100890983
2767379874 assembled Ga0183095_1045832	2767379874	assembled	Ga0183095_1045832
2767562817 assembled Ga0496794_001732_2_1201	2767562817	assembled	Ga0496794_001732_2_1201
2771198156 assembled Ga0310694_100289741	2771198156	assembled	Ga0310694_100289741
2771645520 assembled Ga0255344_10343301	2771645520	assembled	Ga0255344_10343301
2772170851 assembled Ga0116168_10147232	2772170851	assembled	Ga0116168_10147232
2772174029 assembled Ga0484310_084055_56_1660	2772174029	assembled	Ga0484310_084055_56_1660
2774011238 assembled Ga0302322_1000980253	2774011238	assembled	Ga0302322_1000980253
2774012914 assembled codie8draft_1000332176	2774012914	assembled	codie8draft_1000332176
2774012919 assembled Draft_1001457732	2774012919	assembled	Draft_1001457732
2774014847 assembled Ga0376525_003436_4343_6070	2774014847	assembled	Ga0376525_003436_4343_6070
2774016226 assembled Draft_100127311	2774016226	assembled	Draft_100127311
2774017087 assembled Ga0310691_105353811	2774017087	assembled	Ga0310691_105353811
2774018586 assembled Ga0334885_10068031	2774018586	assembled	Ga0334885_10068031
2774019680 assembled Ga0315291_100800901	2774019680	assembled	Ga0315291_100800901
2774021194 assembled Ga0310691_102345601	2774021194	assembled	Ga0310691_102345601
2774023652 assembled Ga0310691_102171453	2774023652	assembled	Ga0310691_102171453
2774024479 assembled Ga0310691_100941371	2774024479	assembled	Ga0310691_100941371
2774025851 assembled Ga0315291_100740814	2774025851	assembled	Ga0315291_100740814
2774026864 assembled Ga0315291_100701614	2774026864	assembled	Ga0315291_100701614
2774028605 assembled Ga0315291_100512475	2774028605	assembled	Ga0315291_100512475
2774148472 assembled Ga0334885_10068015	2774148472	assembled	Ga0334885_10068015
2774150618 assembled TOLCLC_100010201	2774150618	assembled	TOLCLC_100010201
2774151535 assembled Ga0376525_001875_11660_13381	2774151535	assembled	Ga0376525_001875_11660_13381
2774153677 assembled Ga0376523_026634_2_1420	2774153677	assembled	Ga0376523_026634_2_1420
2774155524 assembled Ga0495363_098263_1_1311	2774155524	assembled	Ga0495363_098263_1_1311
2774157270 assembled Ga0334885_10055136	2774157270	assembled	Ga0334885_10055136
2774160873 assembled Ga0526692_0176781_294_1796	2774160873	assembled	Ga0526692_0176781_294_1796
2774161959 assembled Ga0376523_024456_1_1344	2774161959	assembled	Ga0376523_024456_1_1344
2774162726 assembled Ga0334885_100487211	2774162726	assembled	Ga0334885_100487211
2774165314 assembled Ga0334885_100343513	2774165314	assembled	Ga0334885_100343513
2774166430 assembled Ga0334885_10030701	2774166430	assembled	Ga0334885_10030701
2774167924 assembled Ga0506672_005166_1017_2669	2774167924	assembled	Ga0506672_005166_1017_2669
2774170450 assembled mockstg_il_ca_00614600	2774170450	assembled	mockstg_il_ca_00614600
2774173243 assembled Ga0334885_100291714	2774173243	assembled	Ga0334885_100291714
2774173456 assembled Ga0334885_100134114	2774173456	assembled	Ga0334885_100134114
2774175956 assembled Ga0334885_100099335	2774175956	assembled	Ga0334885_100099335
2776333071 assembled Ga0435833_000375_11980_13695	2776333071	assembled	Ga0435833_000375_11980_13695
2776333244 assembled Ga0484310_036745_874_2580	2776333244	assembled	Ga0484310_036745_874_2580
2776338580 assembled Ga0435831_000009_85286_86938	2776338580	assembled	Ga0435831_000009_85286_86938
2776338766 assembled Ga0484310_022463_54_1523	2776338766	assembled	Ga0484310_022463_54_1523
2776341085 assembled Ga0435829_002355_157_1833	2776341085	assembled	Ga0435829_002355_157_1833
2776341268 assembled Ga0484310_014932_2367_4046	2776341268	assembled	Ga0484310_014932_2367_4046
2783269468 assembled Ga0435827_000028_52007_53659	2783269468	assembled	Ga0435827_000028_52007_53659
2783877405 assembled Ga0376523_020334_436_1779	2783877405	assembled	Ga0376523_020334_436_1779
2786837529 assembled Ga0315291_100462204	2786837529	assembled	Ga0315291_100462204
2786838382 assembled Ga0435825_005218_1409_3085	2786838382	assembled	Ga0435825_005218_1409_3085
2787456581 assembled Ga0376523_008690_1327_3048	2787456581	assembled	Ga0376523_008690_1327_3048
2787456582 assembled Ga0366835_100012836	2787456582	assembled	Ga0366835_100012836
2791929524 assembled Ga0310691_100579441	2791929524	assembled	Ga0310691_100579441
2792330602 assembled Ga0435825_000154_14410_16110	2792330602	assembled	Ga0435825_000154_14410_16110
2792333773 assembled Ga0484310_006376_3438_5144	2792333773	assembled	Ga0484310_006376_3438_5144
2792709949 assembled Ga0116200_100391531	2792709949	assembled	Ga0116200_100391531
2799137007 assembled Ga0209613_10047985	2799137007	assembled	Ga0209613_10047985
2800782806 assembled Ga0334885_100078819	2800782806	assembled	Ga0334885_100078819
2800860152 assembled Ga0484310_001558_1685_3364	2800860152	assembled	Ga0484310_001558_1685_3364
2800862019 assembled Ga0484007_000501_5146_6798	2800862019	assembled	Ga0484007_000501_5146_6798
2800863685 assembled Ga0484007_000073_9814_11466	2800863685	assembled	Ga0484007_000073_9814_11466
2800863864 assembled Ga0484007_000025_65101_66756	2800863864	assembled	Ga0484007_000025_65101_66756
2800864493 assembled Ga0435747_0183578_2_1234	2800864493	assembled	Ga0435747_0183578_2_1234
2800867727 assembled Ga0484006_000535_11502_13154	2800867727	assembled	Ga0484006_000535_11502_13154
2800871965 assembled Ga0484006_000013_166980_168632	2800871965	assembled	Ga0484006_000013_166980_168632
2800879940 assembled Ga0484006_000008_167404_169059	2800879940	assembled	Ga0484006_000008_167404_169059
2800884912 assembled Ga0484005_002292_11502_13154	2800884912	assembled	Ga0484005_002292_11502_13154
2800888402 assembled Ga0435746_0005378_3684_5336	2800888402	assembled	Ga0435746_0005378_3684_5336
2800889236 assembled Ga0435542_04515_3_1265	2800889236	assembled	Ga0435542_04515_3_1265
2800892363 assembled Ga0434950_206844_1_1323	2800892363	assembled	Ga0434950_206844_1_1323
2800893954 assembled Ga0434950_071874_976_2679	2800893954	assembled	Ga0434950_071874_976_2679
2800894944 assembled Ga0434945_001704_14363_16084	2800894944	assembled	Ga0434945_001704_14363_16084
2800902300 assembled Ga0427963_0058166_577_2244	2800902300	assembled	Ga0427963_0058166_577_2244
2805863657 assembled Ga0310691_100555732	2805863657	assembled	Ga0310691_100555732
2807341441 assembled Ga0082021_11864427	2807341441	assembled	Ga0082021_11864427
2809203171 assembled Ga0427963_0032240_1176_2852	2809203171	assembled	Ga0427963_0032240_1176_2852
2809203394 assembled Ga0484005_000470_9814_11466	2809203394	assembled	Ga0484005_000470_9814_11466
2809206507 assembled Ga0183095_1015357	2809206507	assembled	Ga0183095_1015357
2809206652 assembled Ga0183095_10010251	2809206652	assembled	Ga0183095_10010251
2809208232 assembled Ga0255344_10102947	2809208232	assembled	Ga0255344_10102947
2812387567 assembled Ga0255344_100164818	2812387567	assembled	Ga0255344_100164818
2812396961 assembled Ga0194053_100147784	2812396961	assembled	Ga0194053_100147784
2812467394 assembled Ga0116200_100371061	2812467394	assembled	Ga0116200_100371061
2812666912 assembled Ga0427963_0019377_707_2383	2812666912	assembled	Ga0427963_0019377_707_2383
2812678826 assembled Ga0334885_100070127	2812678826	assembled	Ga0334885_100070127
2814163879 assembled Ga0531112_002161_19629_21281	2814163879	assembled	Ga0531112_002161_19629_21281
2814226144 assembled mocke_il_soapb_00154440	2814226144	assembled	mocke_il_soapb_00154440
2815351315 assembled Ga0366835_1000005112	2815351315	assembled	Ga0366835_1000005112
2816161217 assembled Ga0116168_10042394	2816161217	assembled	Ga0116168_10042394
2816162839 assembled Ga0484005_000185_65101_66756	2816162839	assembled	Ga0484005_000185_65101_66756
2816165754 assembled Ga0334885_100036272	2816165754	assembled	Ga0334885_100036272
2816182464 assembled Ga0334884_10593111	2816182464	assembled	Ga0334884_10593111
2816182642 assembled Ga0116168_100144316	2816182642	assembled	Ga0116168_100144316
2816186271 assembled Ga0334884_10565141	2816186271	assembled	Ga0334884_10565141
2816186306 assembled Ga0484004_001366_5146_6798	2816186306	assembled	Ga0484004_001366_5146_6798
2816187591 assembled Ga0183095_10002157	2816187591	assembled	Ga0183095_10002157
2816187860 assembled Ga0182795_10000183	2816187860	assembled	Ga0182795_10000183
2816219515 assembled Ga0182794_1004425	2816219515	assembled	Ga0182794_1004425
2816219786 assembled Ga0182240_1002728	2816219786	assembled	Ga0182240_1002728
2816222001 assembled Ga0116168_1000016165	2816222001	assembled	Ga0116168_1000016165
2816224411 assembled Ga0484001_0004817_9607_11259	2816224411	assembled	Ga0484001_0004817_9607_11259
2816224446 assembled Ga0334884_10218732	2816224446	assembled	Ga0334884_10218732
2816245067 assembled Ga0116167_10777701	2816245067	assembled	Ga0116167_10777701
2816248755 assembled Ga0334884_10207101	2816248755	assembled	Ga0334884_10207101
2816249602 assembled Ga0208940_100001068	2816249602	assembled	Ga0208940_100001068
2816251975 assembled Ga0334884_10119884	2816251975	assembled	Ga0334884_10119884
2816252010 assembled Ga0484001_0000024_162881_164545	2816252010	assembled	Ga0484001_0000024_162881_164545
2816264577 assembled Ga0182240_10019119	2816264577	assembled	Ga0182240_10019119
2816265773 assembled Ga0528475_000886_38771_40450	2816265773	assembled	Ga0528475_000886_38771_40450
2816266176 assembled Ga0182239_10059911	2816266176	assembled	Ga0182239_10059911
2816269052 assembled Ga0182239_10026576	2816269052	assembled	Ga0182239_10026576
2816269804 assembled Ga0182238_10015651	2816269804	assembled	Ga0182238_10015651
2816271078 assembled Ga0255344_10013028	2816271078	assembled	Ga0255344_10013028
2816274772 assembled Ga0116200_100142063	2816274772	assembled	Ga0116200_100142063
2816276824 assembled Ga0255344_100051941	2816276824	assembled	Ga0255344_100051941
2816278447 assembled Ga0427963_0000982_9978_11639	2816278447	assembled	Ga0427963_0000982_9978_11639
2816285464 assembled Ga0182238_10008856	2816285464	assembled	Ga0182238_10008856
2816287169 assembled Ga0182237_10003315	2816287169	assembled	Ga0182237_10003315
2816287898 assembled Ga0182236_10001156	2816287898	assembled	Ga0182236_10001156
2816290041 assembled Ga0182235_10000778	2816290041	assembled	Ga0182235_10000778
2816291628 assembled Ga0182234_1027913	2816291628	assembled	Ga0182234_1027913
2816291727 assembled Ga0182028_11213261	2816291727	assembled	Ga0182028_11213261
2816292079 assembled Ga0182027_105117421	2816292079	assembled	Ga0182027_105117421
2816293659 assembled Ga0182027_103603311	2816293659	assembled	Ga0182027_103603311
2816294259 assembled Ga0182027_102965702	2816294259	assembled	Ga0182027_102965702
2816296671 assembled Ga0255343_100329613	2816296671	assembled	Ga0255343_100329613
2816301379 assembled Ga0182027_102523952	2816301379	assembled	Ga0182027_102523952
2816302007 assembled Ga0182027_100108924	2816302007	assembled	Ga0182027_100108924
2816304442 assembled Ga0182027_1000841215	2816304442	assembled	Ga0182027_1000841215
2816304677 assembled Ga0182021_106822041	2816304677	assembled	Ga0182021_106822041
2816306733 assembled Ga0255343_100029541	2816306733	assembled	Ga0255343_100029541
2816310251 assembled Ga0427959_0055204_10_1458	2816310251	assembled	Ga0427959_0055204_10_1458
2816319701 assembled Ga0255343_100010821	2816319701	assembled	Ga0255343_100010821
2819918478 assembled Ga0182021_102818912	2819918478	assembled	Ga0182021_102818912
2819918956 assembled Ga0182021_102611591	2819918956	assembled	Ga0182021_102611591
2821228885 assembled Ga0134105_100048413	2821228885	assembled	Ga0134105_100048413
2821229546 assembled Ga0134105_100002083	2821229546	assembled	Ga0134105_100002083
2821518108 assembled Ga0182021_102577471	2821518108	assembled	Ga0182021_102577471
2821518603 assembled Ga0182021_102280221	2821518603	assembled	Ga0182021_102280221
2828494327 assembled Ga0483991_047041_42_1730	2828494327	assembled	Ga0483991_047041_42_1730
2828496623 assembled Ga0182021_101651441	2828496623	assembled	Ga0182021_101651441
2828497344 assembled Ga0182021_100529144	2828497344	assembled	Ga0182021_100529144
2830831859 assembled Ga0255343_100005671	2830831859	assembled	Ga0255343_100005671
2830833415 assembled Ga0255342_10412502	2830833415	assembled	Ga0255342_10412502
2830865151 assembled Ga0483962_040490_27_1367	2830865151	assembled	Ga0483962_040490_27_1367
2830866784 assembled Ga0427959_0029567_611_2335	2830866784	assembled	Ga0427959_0029567_611_2335
2830920077 assembled Ga0255342_100525712	2830920077	assembled	Ga0255342_100525712
2831329980 assembled Ga0209613_100266912	2831329980	assembled	Ga0209613_100266912
2833713341 assembled Ga0116200_1000380710	2833713341	assembled	Ga0116200_1000380710
2833914403 assembled Ga0194053_100146355	2833914403	assembled	Ga0194053_100146355
2835583051 assembled Ga0182021_100345243	2835583051	assembled	Ga0182021_100345243
2835585098 assembled Ga0182021_100094631	2835585098	assembled	Ga0182021_100094631
2835590499 assembled Ga0182021_100051735	2835590499	assembled	Ga0182021_100051735
2835590757 assembled Ga0182021_100027925	2835590757	assembled	Ga0182021_100027925
2835718811 assembled Ga0116167_10290482	2835718811	assembled	Ga0116167_10290482
2835725823 assembled Ga0116167_10023184	2835725823	assembled	Ga0116167_10023184
2835727939 assembled Ga0116167_100002265	2835727939	assembled	Ga0116167_100002265
2836387812 assembled Ga0081762_10460991	2836387812	assembled	Ga0081762_10460991
2842054787 assembled Ga0074198_100033517	2842054787	assembled	Ga0074198_100033517
2842101663 assembled Ga0182019_100895711	2842101663	assembled	Ga0182019_100895711
2842574641 assembled Ga0182019_100700141	2842574641	assembled	Ga0182019_100700141
2842574898 assembled Ga0182019_100486631	2842574898	assembled	Ga0182019_100486631
2842580352 assembled Ga0214086_11533496	2842580352	assembled	Ga0214086_11533496
2852715807 assembled Ga0482162_00567_1884_3605	2852715807	assembled	Ga0482162_00567_1884_3605
2860316739 assembled Ga0366833_10394561	2860316739	assembled	Ga0366833_10394561
2860317521 assembled Ga0366833_10379514	2860317521	assembled	Ga0366833_10379514
2860319766 assembled Ga0366833_101030813	2860319766	assembled	Ga0366833_101030813
2860323169 assembled Ga0366833_100288434	2860323169	assembled	Ga0366833_100288434
2860323559 assembled Ga0366833_100261919	2860323559	assembled	Ga0366833_100261919
2860325780 assembled Ga0366833_10021651	2860325780	assembled	Ga0366833_10021651
2860327466 assembled Ga0366833_100107050	2860327466	assembled	Ga0366833_100107050
2860329983 assembled Ga0366833_100098940	2860329983	assembled	Ga0366833_100098940
2860331482 assembled Ga0366833_1000128115	2860331482	assembled	Ga0366833_1000128115
2860333433 assembled Ga0366833_10001136	2860333433	assembled	Ga0366833_10001136
2860335439 assembled Ga0366833_100011082	2860335439	assembled	Ga0366833_100011082
2860338070 assembled Ga0366833_100009367	2860338070	assembled	Ga0366833_100009367
2861687128 assembled Ga0334884_10094753	2861687128	assembled	Ga0334884_10094753
2861687163 assembled Ga0482161_01235_1487_3208	2861687163	assembled	Ga0482161_01235_1487_3208
2862992020 assembled Ga0366832_12329471	2862992020	assembled	Ga0366832_12329471
2872768119 assembled Ga0182019_100472261	2872768119	assembled	Ga0182019_100472261
2872768364 assembled Ga0182019_100254692	2872768364	assembled	Ga0182019_100254692
2873383279 assembled Ga0182019_100144355	2873383279	assembled	Ga0182019_100144355
2873383551 assembled Ga0182019_100143021	2873383551	assembled	Ga0182019_100143021
2873508381 assembled Ga0527686_005295_56_1708	2873508381	assembled	Ga0527686_005295_56_1708
2875761270 assembled Ga0074280_13113	2875761270	assembled	Ga0074280_13113
2875764843 assembled Ga0074279_1001647	2875764843	assembled	Ga0074279_1001647
2875766827 assembled Ga0074260_1578	2875766827	assembled	Ga0074260_1578
2875771203 assembled Ga0074044_101980621	2875771203	assembled	Ga0074044_101980621
2875775409 assembled Ga0072683_1056538	2875775409	assembled	Ga0072683_1056538
2875924903 assembled Ga0074260_15228	2875924903	assembled	Ga0074260_15228
2875946341 assembled Ga0568894_0170196_2_1315	2875946341	assembled	Ga0568894_0170196_2_1315
2875987204 assembled Ga0482160_00599_2641_4362	2875987204	assembled	Ga0482160_00599_2641_4362
2875989488 assembled Ga0482147_0068059_47_1252	2875989488	assembled	Ga0482147_0068059_47_1252
2875991275 assembled Ga0482146_000149_173472_175130	2875991275	assembled	Ga0482146_000149_173472_175130
2875991563 assembled Ga0482146_000050_225167_226831	2875991563	assembled	Ga0482146_000050_225167_226831
2875994822 assembled Ga0194053_100020486	2875994822	assembled	Ga0194053_100020486
2882363577 assembled Ga0209613_100252310	2882363577	assembled	Ga0209613_100252310
2883921178 assembled Ga0114922_102085421	2883921178	assembled	Ga0114922_102085421
2886265397 assembled Ga0366832_11424441	2886265397	assembled	Ga0366832_11424441
2886265433 assembled Ga0482146_000017_197201_198916	2886265433	assembled	Ga0482146_000017_197201_198916
2886271257 assembled Ga0114919_100604072	2886271257	assembled	Ga0114919_100604072
2887783879 assembled Ga0182019_1000495710	2887783879	assembled	Ga0182019_1000495710
2887785097 assembled Ga0182017_101845391	2887785097	assembled	Ga0182017_101845391
2913334774 assembled Ga0366832_10718193	2913334774	assembled	Ga0366832_10718193
2913350275 assembled Ga0114919_100091022	2913350275	assembled	Ga0114919_100091022
2913353479 assembled Ga0482146_000006_61067_62773	2913353479	assembled	Ga0482146_000006_61067_62773
2913354167 assembled Ga0482146_000006_313088_314794	2913354167	assembled	Ga0482146_000006_313088_314794
2913379227 assembled Ga0114919_1000433210	2913379227	assembled	Ga0114919_1000433210
2913398596 assembled Ga0427959_0010786_3802_5223	2913398596	assembled	Ga0427959_0010786_3802_5223
2913399300 assembled Ga0480582_0058327_1_1317	2913399300	assembled	Ga0480582_0058327_1_1317
2913417640 assembled Ga0182017_101723671	2913417640	assembled	Ga0182017_101723671
2913464290 assembled Ga0182017_100817752	2913464290	assembled	Ga0182017_100817752
2913464735 assembled Ga0182017_100060859	2913464735	assembled	Ga0182017_100060859
2913510355 assembled Ga0114918_100586641	2913510355	assembled	Ga0114918_100586641
2913521651 assembled Ga0427959_0001952_6689_8365	2913521651	assembled	Ga0427959_0001952_6689_8365
2914861420 assembled Ga0081762_10162391	2914861420	assembled	Ga0081762_10162391
2914863142 assembled Ga0081760_10008181	2914863142	assembled	Ga0081760_10008181
2917937168 assembled Ga0182017_100003671	2917937168	assembled	Ga0182017_100003671
2917937608 assembled Ga0182014_101405911	2917937608	assembled	Ga0182014_101405911
2917939498 assembled Ga0182014_101405871	2917939498	assembled	Ga0182014_101405871
2917940213 assembled Ga0182014_100610031	2917940213	assembled	Ga0182014_100610031
2917941252 assembled Ga0334884_10046798	2917941252	assembled	Ga0334884_10046798
2918188168 assembled Ga0334884_10042709	2918188168	assembled	Ga0334884_10042709
2918190080 assembled Ga0334884_10037305	2918190080	assembled	Ga0334884_10037305
2918191503 assembled Ga0334884_100254415	2918191503	assembled	Ga0334884_100254415
2918193221 assembled Ga0334884_100252916	2918193221	assembled	Ga0334884_100252916
2926421459 assembled Ga0182014_100339485	2926421459	assembled	Ga0182014_100339485
2926423527 assembled Ga0113563_103237652	2926423527	assembled	Ga0113563_103237652
2926682878 assembled Ga0182014_100168767	2926682878	assembled	Ga0182014_100168767
2927592587 assembled Ga0182014_1000022857	2927592587	assembled	Ga0182014_1000022857
2927594282 assembled Ga0182011_101569951	2927594282	assembled	Ga0182011_101569951
2927596727 assembled Ga0376523_007423_2_1630	2927596727	assembled	Ga0376523_007423_2_1630
2929003265 assembled Ga0113563_101304811	2929003265	assembled	Ga0113563_101304811
2939508957 assembled Ga0182011_100623273	2939508957	assembled	Ga0182011_100623273
2939509055 assembled Ga0182011_100611202	2939509055	assembled	Ga0182011_100611202
2939865066 assembled Ga0182011_100571113	2939865066	assembled	Ga0182011_100571113
2939866344 assembled Ga0182011_100226434	2939866344	assembled	Ga0182011_100226434
2947456712 assembled Ga0182011_100178961	2947456712	assembled	Ga0182011_100178961
2952836613 assembled Ga0113563_100265084	2952836613	assembled	Ga0113563_100265084
2953081445 assembled Ga0111484_10058004	2953081445	assembled	Ga0111484_10058004
2958890956 assembled Ga0116166_10119984	2958890956	assembled	Ga0116166_10119984
2958892898 assembled Ga0105964_100048933	2958892898	assembled	Ga0105964_100048933
2969704447 assembled Ga0105700_10082981	2969704447	assembled	Ga0105700_10082981
2969708168 assembled Ga0105674_10018072	2969708168	assembled	Ga0105674_10018072
2969710241 assembled Ga0105163_10064983	2969710241	assembled	Ga0105163_10064983
2969713766 assembled Ga0182011_100022151	2969713766	assembled	Ga0182011_100022151
2969715864 assembled Ga0182011_100012894	2969715864	assembled	Ga0182011_100012894
2969717269 assembled Ga0182011_1000051618	2969717269	assembled	Ga0182011_1000051618
2974878950 assembled Ga0105163_10060261	2974878950	assembled	Ga0105163_10060261
2974879978 assembled Ga0116166_100003264	2974879978	assembled	Ga0116166_100003264
2981153258 assembled Ga0105163_10007778	2981153258	assembled	Ga0105163_10007778
2981155008 assembled Ga0105162_10065323	2981155008	assembled	Ga0105162_10065323
2981157222 assembled Ga0105162_10011546	2981157222	assembled	Ga0105162_10011546
2981158742 assembled Ga0116165_10073542	2981158742	assembled	Ga0116165_10073542
2982125656 assembled Ga0182010_101238661	2982125656	assembled	Ga0182010_101238661
2982126893 assembled Ga0182010_100219293	2982126893	assembled	Ga0182010_100219293
2982146051 assembled Ga0302296_10575372	2982146051	assembled	Ga0302296_10575372
2982212923 assembled Ga0495415_0014602_22_1470	2982212923	assembled	Ga0495415_0014602_22_1470
2982213137 assembled Ga0182010_100178964	2982213137	assembled	Ga0182010_100178964
2982335028 assembled Ga0182010_100124115	2982335028	assembled	Ga0182010_100124115
2982335521 assembled Ga0182010_100020478	2982335521	assembled	Ga0182010_100020478
2982360249 assembled Ga0376523_005873_4_1296	2982360249	assembled	Ga0376523_005873_4_1296
2982360828 assembled Ga0366832_105749211	2982360828	assembled	Ga0366832_105749211
2982447760 assembled Ga0182010_1000137110	2982447760	assembled	Ga0182010_1000137110
2982448005 assembled Ga0182010_1000124812	2982448005	assembled	Ga0182010_1000124812
2987172345 assembled Ga0181538_100062761	2987172345	assembled	Ga0181538_100062761
2987173556 assembled Ga0181536_101123511	2987173556	assembled	Ga0181536_101123511
2987173961 assembled Ga0181536_101123251	2987173961	assembled	Ga0181536_101123251
2987174205 assembled Ga0181536_100933991	2987174205	assembled	Ga0181536_100933991
2987177600 assembled Ga0181535_1000081930	2987177600	assembled	Ga0181535_1000081930
2993239076 assembled Ga0181535_1000044153	2993239076	assembled	Ga0181535_1000044153
2993239317 assembled Ga0181533_10922631	2993239317	assembled	Ga0181533_10922631
2993240522 assembled Ga0181530_1000700411	2993240522	assembled	Ga0181530_1000700411
2993240611 assembled Ga0181529_1000085335	2993240611	assembled	Ga0181529_1000085335
2993745710 assembled Ga0366832_10107008	2993745710	assembled	Ga0366832_10107008
2994895857 assembled Ga0194052_10239621	2994895857	assembled	Ga0194052_10239621
2995000235 assembled Ga0194044_100225913	2995000235	assembled	Ga0194044_100225913
3000002276 assembled Ga0334884_10024424	3000002276	assembled	Ga0334884_10024424
3001082599 assembled Ga0181527_10941161	3001082599	assembled	Ga0181527_10941161
3001172668 assembled Ga0105155_10201152	3001172668	assembled	Ga0105155_10201152
3001528536 assembled Ga0366832_101026418	3001528536	assembled	Ga0366832_101026418
3001940947 assembled Ga0427959_0000605_50381_52072	3001940947	assembled	Ga0427959_0000605_50381_52072
3001941800 assembled Ga0480582_0041109_23_1699	3001941800	assembled	Ga0480582_0041109_23_1699
3003304107 assembled Ga0116165_10014794	3003304107	assembled	Ga0116165_10014794
3003309649 assembled Ga0116200_100024835	3003309649	assembled	Ga0116200_100024835
3300000032 assembled Ga0134092_100052411	3300000032	assembled	Ga0134092_100052411
3300000032 assembled Ga0172382_1000111739	3300000032	assembled	Ga0172382_1000111739
3300000032 assembled Ga0172382_100037405	3300000032	assembled	Ga0172382_100037405
3300000032 assembled Ga0190284_10042363	3300000032	assembled	Ga0190284_10042363
3300000032 assembled Ga0208823_1000002229	3300000032	assembled	Ga0208823_1000002229
